yasiru,yasi@gmail.com
yasiru,almal@gmail
yasiru,kamal@gmai
yasiru,wimal@gmail.com
,chata@gamail.com
,kN@gmail.com
chaamth,chat@gamil.com
chaamth,kamalish@gmai.com
chaamth,ghk@gmial.com
chaamth,D@g.com
Bob,kmo@gmail.com
Alex,json@gmail.com
jason,kamai@gmail.com
store my data
store my data
my name is yasiru
Alex
my name is dave
my name is yasiru
my name is yasiru
my name is yasiru ramosh
yasiru ramosh
my name is yasiru
my name is alex
i am daisy
yasiru ramosh
yasiru ramosh
amal devis
90475698365092,90475698365092,90475698365092
48354634,48354634,48354634
84561873409,84561873409,84561873409
yasiru rampsh,yasiru rampsh,yasiru rampsh
yasiru ramosh,yasiru ramosh,yasiru ramosh
45390573984,45390573984,45390573984
143763443,143763443,143763443
5438,5438,5438
